date,likes
2023-04-20 05:06:40,13
2022-12-15 07:33:40,29
2022-12-14 18:28:08,38
2022-10-03 19:40:12,18
2022-04-06 17:51:56,35
2022-01-10 17:59:00,138
2021-06-13 14:36:49,14
2020-12-02 19:34:03,23
2020-11-30 11:45:08,57
2020-10-10 18:44:41,59
2020-09-23 07:55:31,65
2020-06-22 17:39:33,16
2018-10-26 13:04:58,92
2018-10-25 22:15:40,71
2018-06-14 17:22:33,46
2018-06-13 07:12:29,69
2018-06-09 08:15:15,38
2018-06-04 08:13:14,48
2018-05-19 08:17:04,74
2018-04-14 12:48:18,48
2018-03-02 08:02:02,86
2018-02-25 08:45:22,111
2018-02-09 06:43:47,75
2018-02-02 08:46:40,91
2018-01-26 17:13:46,7
2017-12-31 21:02:54,43
2017-12-18 15:35:12,42
2017-12-17 08:20:30,53
2017-12-10 22:57:29,48
2017-11-22 17:31:23,35
2017-11-20 09:54:00,49
2017-11-17 19:40:07,113
2017-11-11 10:00:06,46
2017-11-11 07:00:10,50
2017-11-10 19:47:10,71
2017-11-10 13:53:04,48
2017-11-03 08:44:41,50
2017-11-01 09:16:39,43
2017-10-31 07:00:10,41
2017-10-31 05:30:02,49
2017-10-30 19:56:55,59
2017-10-29 13:42:55,101
2017-10-27 07:14:54,96
2017-10-25 20:00:46,114
2017-10-25 11:36:00,49
2017-10-25 07:27:45,93
2017-10-25 07:00:01,41
2017-10-24 06:00:01,47
2017-10-23 19:57:26,107
2017-10-23 06:00:02,48
2017-10-21 19:37:36,43
2017-10-20 22:19:06,47
2017-10-20 00:07:27,36
2017-10-19 23:56:56,37
2017-10-17 22:19:36,40
2017-10-16 22:19:59,41
2017-10-14 07:01:12,33
2017-10-14 07:00:09,38
2017-10-13 21:47:56,45
2017-10-13 06:56:27,35
2017-10-11 23:23:28,27
2017-10-11 22:42:28,32
2017-10-10 12:06:58,30
2017-10-10 11:18:03,34
2017-10-08 22:17:21,53
2017-10-06 22:29:35,56
2017-10-05 23:22:01,41
2017-10-05 22:31:14,35
2017-10-05 16:52:53,14
2017-10-05 16:50:11,8
2017-10-05 00:08:30,39
2017-10-04 18:00:15,8
2017-10-04 10:46:00,42
2017-10-03 22:15:47,37
2017-10-02 18:55:53,37
2017-10-02 17:57:10,47
2017-10-02 17:50:55,37
2017-09-30 06:19:35,15
2017-09-30 05:29:48,15
2017-09-28 17:50:51,58
2017-09-28 05:32:43,49
2017-09-27 16:32:26,64
2017-09-26 17:36:33,62
2017-09-25 20:40:29,22
2017-09-25 14:49:30,27
2017-09-22 20:27:55,25
2017-09-20 20:43:56,105
2017-09-20 07:04:41,113
2017-09-19 21:49:40,126
2017-09-19 20:14:44,133
2017-09-19 14:23:45,115
2017-09-18 21:16:56,146
2017-09-15 17:21:31,98
2017-09-13 21:27:36,100
2017-09-13 21:05:45,122
2017-09-12 07:41:06,139
2017-09-11 19:42:36,119
2017-09-11 09:00:06,137
2017-09-11 07:00:04,141
2017-09-10 20:00:04,18
2017-09-10 20:00:04,18
2017-09-10 18:07:41,38
2017-09-10 18:00:05,22
2017-09-10 15:46:44,23
2017-09-08 20:52:15,48
2017-09-07 12:54:23,73
2017-09-06 08:46:55,83
2017-09-05 21:03:25,100
2017-09-05 12:18:38,143
2017-09-05 09:55:29,51
2017-09-05 08:42:16,89
2017-09-05 06:36:17,23
2017-09-04 07:00:42,101
2017-09-04 05:42:30,105
2017-09-04 05:38:41,19
2017-09-01 09:10:34,75
2017-08-31 20:21:31,90
2017-08-31 13:18:23,115
2017-08-31 10:57:14,79
2017-08-30 14:04:00,92
2017-08-30 09:57:56,17
2017-08-27 20:31:42,64
2017-08-25 14:50:30,89
2017-08-23 09:38:10,83
2017-08-22 19:55:52,64
2017-08-21 15:32:44,136
2017-08-16 21:02:29,115
2017-08-15 20:52:31,85
2017-08-15 10:52:13,72
2017-08-15 06:19:42,80
2017-08-10 11:03:33,31
2017-08-10 08:03:44,58
2017-08-09 20:54:37,66
2017-08-08 10:43:52,79
2017-08-06 07:14:34,28
2017-08-05 19:10:21,19
2017-08-05 05:07:19,30
2017-08-02 17:47:03,81
2017-07-30 10:09:25,69
2017-07-28 06:38:55,98
2017-07-25 08:50:49,40
2017-07-23 18:15:07,44
2017-07-22 18:08:17,58
2017-07-21 17:32:20,43
2017-07-20 22:06:34,27
2017-07-20 17:31:25,53
2017-07-20 16:45:10,4
2017-07-20 11:20:47,60
2017-07-20 10:45:04,13
2017-07-19 18:11:17,101
2017-07-19 17:07:30,53
2017-07-18 20:43:07,55
2017-07-18 11:05:11,11
2017-07-18 11:03:12,7
2017-07-14 19:33:46,13
2017-07-13 22:53:47,36
2017-07-13 17:50:33,22
2017-07-13 12:47:44,29
2017-07-13 10:07:52,26
2017-07-11 13:45:43,53
2017-07-11 09:17:37,4
2017-07-10 21:24:11,26
2017-07-07 18:46:53,42
2017-07-06 20:46:26,28
2017-07-04 13:46:21,78
2017-07-04 13:27:57,267
2017-07-03 16:37:25,4
2017-07-03 15:42:19,25
2017-07-03 09:46:56,24
2017-07-01 07:32:46,20
2017-07-01 05:12:48,32
2017-06-24 21:40:12,17
2017-06-24 13:11:56,12
2017-06-14 09:39:56,14
2017-06-14 09:37:43,27
2017-06-14 09:35:17,21
2017-06-11 18:33:29,26
2017-06-06 20:58:00,25
2017-06-04 12:34:31,9
2017-06-04 09:08:44,23
2017-05-30 18:31:38,6
2017-05-28 21:10:04,38
2017-05-24 13:08:54,6
2017-05-23 09:12:29,8
2017-05-20 20:26:05,15
2017-05-20 19:27:59,14
2017-05-20 18:31:28,14
2017-05-19 17:41:43,6
2017-05-19 10:01:41,9
2017-05-16 10:59:39,10
2017-05-13 15:00:53,28
2017-05-13 11:17:51,13
2017-05-11 16:50:02,14
2017-05-11 09:36:52,26
2017-05-09 12:28:43,66
2017-05-09 07:20:17,13
2017-05-05 23:57:01,5
2017-05-04 20:28:13,5
2017-05-03 11:34:02,6
2017-04-29 10:01:49,7
2017-04-29 08:25:18,15
2017-04-28 10:12:56,13
2017-04-28 09:54:14,7
2017-04-26 20:56:37,13
2017-04-26 19:16:17,24
2017-04-21 08:41:17,10
2017-04-16 16:27:10,14
2017-04-08 23:58:24,30
2017-04-03 08:57:43,37
2017-04-02 22:35:46,117
2017-03-30 10:23:46,29
2017-03-25 09:09:53,29
2017-03-17 12:23:02,63
2017-03-15 07:13:04,32
2017-03-12 20:21:08,66
2017-03-12 20:01:57,39
2017-03-12 19:49:07,15
2017-03-10 10:15:48,88
2017-03-08 12:03:15,80
2017-03-08 08:52:29,22
2017-03-07 10:16:18,84
2017-03-06 14:19:15,94
2017-03-05 16:41:05,104
2017-03-03 19:36:51,10
2017-03-03 18:12:38,100
2017-03-02 15:47:01,11
2017-02-28 12:33:39,30
2017-02-27 21:39:36,96
2017-02-27 12:07:38,112
2017-02-27 08:22:05,15
2017-02-27 08:19:06,14
2017-02-27 07:14:29,70
2017-02-24 12:54:45,16
2017-02-23 16:11:52,31
2017-02-23 08:28:06,5
2017-02-22 07:46:24,4
2017-02-20 19:40:57,3
2017-02-20 08:51:34,18
2017-02-20 07:35:18,57
2017-02-17 20:34:41,6
2017-02-16 09:43:47,17
2017-02-14 23:46:54,112
2017-02-14 22:05:23,5
2017-02-13 19:04:05,112
2017-02-12 10:21:42,5
2017-02-11 23:35:38,813
2017-02-11 14:02:11,5
2017-02-09 18:43:05,16
2017-02-08 15:44:06,3
2017-02-05 22:23:04,19
2017-02-05 22:02:30,58
2017-01-29 17:15:44,3
2017-01-29 11:33:35,15
2017-01-28 20:21:11,7
2017-01-28 08:21:13,16
2017-01-27 12:16:50,4
2017-01-26 12:01:57,8
2017-01-26 09:42:55,4
2017-01-26 07:32:39,1
2017-01-25 17:19:13,4
2017-01-21 18:14:41,3
2017-01-20 18:06:22,37
2017-01-19 18:24:15,25
2017-01-18 07:38:11,3
2017-01-17 21:35:38,20
2017-01-17 20:01:29,29
2017-01-17 09:39:46,2
2017-01-16 18:10:44,2
2017-01-14 06:58:00,5
2017-01-11 23:08:07,14
2017-01-11 23:02:52,20
2017-01-11 10:49:01,2
2017-01-08 20:28:15,14
2017-01-08 20:09:48,8
2017-01-08 18:05:37,27
2017-01-08 17:55:07,15
2017-01-08 16:36:14,8
2017-01-08 14:22:35,28
2017-01-08 00:38:04,9
2017-01-05 15:48:27,12
2017-01-03 21:54:57,8
2016-12-31 17:00:45,25
2016-12-30 19:17:13,10
2016-12-29 23:55:15,27
2016-12-29 14:36:26,1
2016-12-26 21:12:44,2
2016-12-26 11:43:09,11
2016-12-24 23:17:44,13
2016-12-22 12:25:46,5
2016-12-22 10:58:01,9
2016-12-21 23:28:25,28
2016-12-21 23:22:18,7
2016-12-21 08:32:40,16
2016-12-20 21:17:05,5
2016-12-20 15:23:45,4
2016-12-19 09:36:56,2
2016-12-19 07:40:35,17
2016-12-18 23:59:05,13
2016-12-18 20:57:14,21
2016-12-18 18:12:47,1
2016-12-17 22:22:26,16
2016-12-17 11:40:10,0
2016-12-16 22:13:50,8
2016-12-16 13:25:54,3
2016-12-16 09:26:27,4
2016-12-15 22:28:43,24
2016-12-15 20:09:15,17
2016-12-15 17:30:11,1
2016-12-14 15:06:23,6
2016-12-12 20:15:11,4
2016-12-11 20:41:56,80
2016-12-11 14:32:47,17
2016-12-11 00:41:45,19
2016-12-10 23:19:11,8
2016-12-09 22:52:56,17
2016-12-09 21:09:58,3
2016-12-09 17:07:04,15
2016-12-09 16:28:15,19
2016-12-08 21:36:03,26
2016-12-08 18:47:50,18
2016-12-07 13:02:02,3
2016-12-06 20:33:20,4
2016-12-05 11:50:43,26
2016-12-03 08:53:41,6
2016-12-02 21:10:04,59
2016-12-02 18:29:55,1
2016-12-01 23:31:28,3
2016-12-01 23:12:00,8
2016-12-01 12:16:24,4
2016-12-01 08:32:30,0
2016-11-30 20:58:16,9
2016-11-30 14:59:51,3
2016-11-30 14:57:03,2
2016-11-30 12:55:29,3
2016-11-29 22:59:24,2
2016-11-28 21:14:42,9
2016-11-28 21:01:38,4
2016-11-28 17:55:25,12
2016-11-28 07:39:03,10
2016-11-27 20:16:14,23
2016-11-26 14:52:02,3
2016-11-26 09:40:12,18
2016-11-26 09:33:56,9
2016-11-25 08:16:15,11
2016-11-24 20:28:45,8
2016-11-24 11:08:22,3
2016-11-23 15:58:26,1
2016-11-23 06:31:28,17
2016-11-22 13:01:00,4
2016-11-21 21:29:08,1
2016-11-21 20:50:37,0
2016-11-21 19:52:18,0
2016-11-21 14:44:31,1
2016-11-18 20:52:10,5
2016-11-18 08:01:23,1
2016-11-17 22:27:37,7
2016-11-17 22:20:47,16
2016-11-17 15:55:22,9
2016-11-16 15:48:37,0
2016-11-16 11:54:48,1
2016-11-16 09:08:11,3
2016-11-15 16:20:26,24
2016-11-15 12:15:05,2
2016-11-15 11:02:13,0
2016-11-14 17:36:12,0
2016-11-12 14:33:21,23
2016-11-10 14:06:44,2
2016-11-10 08:08:31,3
2016-11-09 15:07:21,3
2016-11-08 16:52:50,1
2016-11-08 06:45:11,1
2016-11-07 20:41:30,1
2016-11-06 21:23:43,2
2016-11-05 15:27:19,5
2016-11-04 19:26:42,12
2016-11-04 08:41:19,2
2016-11-03 10:16:26,4
2016-11-02 19:37:38,28
2016-10-31 13:02:58,2
2016-10-28 12:20:55,47
2016-10-28 11:16:10,23
2016-10-28 09:55:47,5
2016-10-27 14:22:36,3
2016-10-24 21:14:41,2
2016-10-24 19:49:29,1
2016-10-20 18:28:11,4
2016-10-20 15:57:25,1
2016-10-20 15:41:35,0
2016-10-20 09:11:09,0
2016-10-18 07:42:21,0
2016-10-17 20:52:48,27
2016-10-16 21:05:31,4
2016-10-16 08:35:12,22
2016-10-14 15:06:20,29
2016-10-14 08:25:49,2
2016-10-13 09:15:16,3
2016-10-11 16:12:14,3
2016-10-09 17:27:29,18
2016-10-09 17:20:23,16
2016-10-09 15:14:47,183
2016-10-06 18:05:06,15
2016-10-06 17:56:03,17
2016-10-06 17:33:37,1
2016-10-06 11:09:10,3
2016-10-06 10:43:40,16
2016-10-06 10:42:22,10
2016-10-06 10:00:28,10
2016-10-06 06:29:36,19
2016-10-05 12:22:28,1
2016-10-04 09:59:38,2
2016-10-03 16:22:15,3
2016-10-03 06:10:15,11
2016-10-03 06:02:07,4
2016-10-03 05:58:16,8
2016-10-02 09:18:25,20
2016-10-01 21:59:05,1
2016-10-01 20:09:11,9
2016-10-01 13:48:10,7
2016-10-01 11:30:37,3
2016-10-01 05:20:33,0
2016-09-30 22:36:01,7
2016-09-30 22:29:05,5
2016-09-30 20:40:16,15
2016-09-30 20:24:07,3
2016-09-30 19:25:57,15
2016-09-30 12:50:30,11
2016-09-29 06:51:47,3
2016-09-29 05:20:26,16
2016-09-28 09:16:55,2
2016-09-27 20:58:54,9
2016-09-27 14:35:22,0
2016-09-27 09:47:34,4
2016-09-26 21:46:43,4
2016-09-26 21:43:31,0
2016-09-26 21:42:29,0
2016-09-26 21:41:06,0
2016-09-26 21:38:54,0
2016-09-26 21:38:07,0
2016-09-25 17:42:04,0
2016-09-24 20:20:42,9
2016-09-24 15:03:29,17
2016-09-23 17:43:08,0
2016-09-23 11:49:52,1
2016-09-22 13:17:48,3
2016-09-21 12:44:13,0
2016-09-20 19:42:10,2
2016-09-20 18:56:13,1
2016-09-19 12:54:32,5
2016-09-13 21:00:42,0
2016-09-11 15:02:48,11
2016-09-11 13:21:45,0
2016-09-09 15:29:36,2
2016-09-09 07:57:07,1
2016-09-08 03:28:44,2
2016-09-07 09:21:32,0
2016-09-07 04:10:58,0
2016-09-06 14:34:19,33
2016-09-06 08:16:28,4
2016-09-05 08:39:39,1
2016-09-05 06:21:23,4
2016-09-05 03:51:33,12
2016-09-03 13:29:34,39
2016-08-29 12:10:42,2
2016-08-29 09:17:23,0
2016-08-28 08:11:01,4
2016-08-27 13:56:37,0
2016-08-27 12:45:42,2
2016-08-27 12:41:26,2
2016-08-27 07:12:00,3
2016-08-25 20:00:21,2
2016-08-25 18:16:59,0
2016-08-25 17:05:27,2
2016-08-25 09:45:31,0
2016-08-23 20:44:16,0
2016-08-23 20:38:39,2
2016-08-23 15:11:06,3
2016-08-23 11:08:06,0
2016-08-22 15:15:51,1
2016-08-22 11:13:20,9
2016-08-21 16:15:24,126
2016-08-20 15:46:29,1
2016-08-19 16:26:27,16
2016-08-19 12:22:26,13
2016-08-19 07:09:21,0
2016-08-17 08:27:23,0
2016-08-16 15:55:28,6
2016-08-16 13:54:25,1
2016-08-16 07:44:35,1
2016-08-14 21:18:46,1
2016-08-14 14:37:34,22
2016-08-12 15:13:58,1
2016-08-12 13:59:04,0
2016-08-12 12:57:54,0
2016-08-11 16:19:21,18
2016-08-11 16:18:35,7
2016-08-10 13:52:41,0
2016-08-10 08:40:55,1
2016-08-10 07:02:05,2
2016-08-09 16:23:18,0
2016-08-09 09:45:50,1
2016-08-07 20:57:19,3
2016-08-07 18:37:22,11
2016-08-07 17:06:15,2
2016-08-03 10:53:26,3
2016-08-02 11:05:55,5
2016-08-01 15:24:07,17
2016-07-28 20:11:10,17
2016-07-27 03:56:05,1
2016-07-26 06:38:15,0
2016-07-25 07:45:19,16
2016-07-24 16:21:50,30
2016-07-23 21:23:17,36
2016-07-22 23:03:58,5
2016-07-20 14:21:00,0
2016-07-19 11:04:37,0
2016-07-19 10:57:00,130
2016-07-14 15:23:14,11
2016-07-13 08:32:07,4
2016-07-13 07:30:14,3
2016-07-11 12:32:15,1
2016-07-10 15:24:08,0
2016-07-09 17:15:10,0
2016-07-08 13:58:24,3
2016-07-06 14:10:50,8
2016-07-05 08:23:19,5
2016-07-05 07:59:04,0
2016-07-04 19:40:22,7
2016-07-01 14:08:37,4
2016-06-30 20:44:35,4
2016-06-30 19:15:47,7
2016-06-30 19:15:40,5
2016-06-30 15:27:53,2
2016-06-29 07:15:49,0
2016-06-29 06:30:18,1
2016-06-27 09:30:30,4
2016-06-26 05:48:52,1
2016-06-24 07:41:56,2
2016-06-21 15:20:51,5
2016-06-21 15:17:59,2
2016-06-21 15:14:28,7
2016-06-21 14:34:09,0
2016-06-20 14:43:06,0
2016-06-19 16:08:00,2
2016-06-19 12:50:51,1
2016-06-15 15:16:05,2
2016-06-14 05:28:50,0
2016-06-10 18:22:44,26
2016-06-10 08:28:10,1
2016-06-09 11:06:39,0
2016-06-09 09:40:18,0
2016-06-08 19:51:12,1
2016-06-06 22:14:35,1
2016-06-06 12:51:58,2
2016-06-06 10:55:32,3
2016-06-06 10:55:15,2
2016-06-04 10:03:00,2
2016-06-03 13:28:11,1
2016-06-02 09:29:11,0
2016-06-01 18:46:29,1
2016-06-01 10:12:08,0
2016-05-31 15:36:21,0
2016-05-28 14:24:10,1
2016-05-27 11:22:33,1
2016-05-26 09:30:38,0
2016-05-26 06:59:17,1
2016-05-26 06:59:06,4
2016-05-24 16:30:02,1
2016-05-24 14:26:18,4
2016-05-24 14:25:27,5
2016-05-24 12:49:04,4
2016-05-23 16:29:33,2
2016-05-21 06:53:12,3
2016-05-19 19:18:09,6
2016-05-19 18:29:33,16
2016-05-19 10:04:43,0
2016-05-18 11:51:56,0
2016-05-18 10:02:10,1
2016-05-18 08:12:12,2
2016-05-17 05:53:06,2
2016-05-16 07:08:28,0
2016-05-15 09:38:32,2
2016-05-15 09:20:24,1
2016-05-15 02:50:29,1
2016-05-12 06:23:39,0
2016-05-11 12:08:38,1
2016-05-11 08:19:07,0
2016-05-10 20:25:57,2
2016-05-10 17:52:04,0
2016-05-10 06:57:33,5
2016-05-08 11:35:02,3
2016-05-05 18:51:51,2
2016-05-05 15:18:53,6
2016-05-05 12:33:46,1
2016-05-05 12:33:04,2
2016-05-03 21:08:14,7
2016-05-03 20:52:08,5
2016-05-03 15:15:23,4
2016-05-01 05:11:40,4
2016-04-30 18:34:25,2
2016-04-30 13:58:22,2
2016-04-30 05:08:32,2
2016-04-28 18:56:03,4
2016-04-27 17:48:05,3
2016-04-27 14:37:42,1
2016-04-26 20:16:10,4
2016-04-26 10:32:24,1
2016-04-25 16:33:44,10
2016-04-25 08:40:31,3
2016-04-25 07:49:00,0
2016-04-24 10:17:32,1
2016-04-23 08:36:35,1
2016-04-22 11:32:21,1
2016-04-22 08:06:40,3
2016-04-22 07:13:48,5
2016-04-20 14:56:50,5
2016-04-20 14:11:53,1
2016-04-20 04:36:28,5
2016-04-20 04:31:46,4
2016-04-19 13:49:00,4
2016-04-18 08:24:43,3
2016-04-18 06:30:54,2
2016-04-17 21:05:51,10
2016-04-17 13:44:57,1
2016-04-17 10:39:44,3
2016-04-17 08:31:19,2
2016-04-16 16:00:00,13
2016-04-16 09:17:13,2
2016-04-16 07:27:20,0
2016-04-16 05:26:48,5
2016-04-15 15:20:00,2
2016-04-15 06:27:16,1
2016-04-15 06:25:43,1
2016-04-14 05:26:18,3
2016-04-13 20:36:09,1
2016-04-13 11:14:35,1
2016-04-13 09:45:00,4
2016-04-13 03:49:45,1
2016-04-12 07:15:55,1
2016-04-11 17:10:14,2
2016-04-11 16:52:56,1
2016-04-11 06:42:24,9
2016-04-09 05:48:50,0
2016-04-09 05:48:25,1
2016-04-08 21:39:29,1
2016-04-08 14:56:23,2
2016-04-07 21:49:28,1
2016-04-07 21:14:14,7
2016-04-07 20:46:06,0
2016-04-07 16:54:15,0
2016-04-07 16:21:55,1
2016-04-07 13:02:07,2
2016-04-07 11:41:55,1
2016-04-06 19:47:30,0
2016-04-06 13:33:56,6
2016-04-05 21:58:30,5
2016-04-05 21:49:40,12
2016-04-05 21:35:30,2
2016-04-05 21:09:17,5
2016-04-05 16:48:47,0
2016-04-05 12:15:09,1
2016-04-05 07:08:41,0
2016-04-05 06:22:09,1
2016-04-02 21:56:32,1
2016-04-02 21:09:32,1
2016-04-02 15:13:32,17
2016-04-02 11:44:38,0
2016-04-01 08:36:44,4
2016-03-31 23:03:37,5
2016-03-31 10:45:10,1
2016-03-31 08:50:54,5
2016-03-31 05:15:23,0
2016-03-30 21:01:05,2
2016-03-30 10:01:33,0
2016-03-29 15:27:38,1
2016-03-27 17:46:59,8
2016-03-26 15:57:47,5
2016-03-26 14:57:40,3
2016-03-26 12:45:53,1
2016-03-26 08:09:31,3
2016-03-25 12:28:23,3
2016-03-25 05:56:35,3
2016-03-24 07:27:38,2
2016-03-23 11:19:25,4
2016-03-22 20:10:55,0
2016-03-21 10:50:42,1
2016-03-19 12:55:14,0
2016-03-18 09:38:14,3
2016-03-17 22:34:21,0
2016-03-17 12:32:52,0
2016-03-17 11:02:20,2
2016-03-17 06:34:58,1
2016-03-16 11:28:33,1
2016-03-15 10:30:34,2
2016-03-15 07:34:33,2
2016-03-14 08:21:35,0
2016-03-13 13:45:18,3
2016-03-11 15:21:35,0
2016-03-11 11:57:53,0
2016-03-10 07:02:11,2
2016-03-09 21:14:20,0
2016-03-09 15:40:00,0
2016-03-09 09:18:45,30
2016-03-07 20:47:23,0
2016-03-07 16:05:45,0
2016-03-04 07:38:40,3
2016-03-03 22:28:15,2
2016-03-02 22:03:23,1
2016-02-29 08:04:57,5
2016-02-29 05:57:55,5
2016-02-27 17:38:30,1
2016-02-27 17:10:36,2
2016-02-27 16:55:09,4
2016-02-26 11:43:42,2
2016-02-25 15:15:21,8
2016-02-25 15:09:47,7
2016-02-24 16:51:08,0
2016-02-22 21:48:08,6
2016-02-20 17:46:13,2
2016-02-20 13:20:35,1
2016-02-19 11:05:32,3
2016-02-18 10:15:29,1
2016-02-16 21:53:11,0
2016-02-16 13:46:04,1
2016-02-15 12:14:11,1
2016-02-13 17:45:50,4
2016-02-12 06:21:09,1
2016-02-10 16:59:18,0
2016-02-09 09:00:00,1
2016-02-08 10:41:52,0
2016-02-06 21:38:44,2
2016-02-05 12:34:32,2
2016-02-04 18:41:50,3
2016-02-04 08:21:44,4
2016-02-03 15:45:38,0
2016-02-02 18:28:56,3
2016-02-01 15:43:12,2
2016-01-29 18:51:25,3
2016-01-28 20:34:00,0
2016-01-25 21:55:33,3
2016-01-25 21:33:30,1
2016-01-25 11:19:18,8
2016-01-25 08:32:33,0
2016-01-24 18:06:32,6
2016-01-24 14:53:06,0
2016-01-24 12:17:43,1
2016-01-24 12:15:04,3
2016-01-22 12:34:16,3
2016-01-21 11:45:56,3
2016-01-20 12:05:41,1
2016-01-18 16:23:33,9
2016-01-18 10:34:18,11
2016-01-18 10:02:59,2
2016-01-17 14:01:55,7
2016-01-17 08:41:48,6
2016-01-15 20:47:17,0
2016-01-15 20:05:08,1
2016-01-14 16:40:32,0
2016-01-14 13:02:45,0
2016-01-14 08:10:29,1
2016-01-13 11:06:45,3
2016-01-13 11:06:36,2
2016-01-12 17:53:12,3
2016-01-09 15:21:17,1
2016-01-08 19:56:26,6
2016-01-01 13:15:34,0
2015-12-31 15:16:46,8
2015-12-31 09:25:36,2
2015-12-31 07:42:15,128
2015-12-25 15:57:44,1
2015-12-25 11:10:54,1
2015-12-20 10:59:57,0
2015-12-20 10:59:45,0
2015-12-17 15:30:08,0
2015-12-15 07:56:28,1
2015-12-11 10:03:49,1
2015-12-02 09:27:00,2
2015-12-01 06:18:48,1
2015-11-27 21:45:26,3
2015-11-27 20:17:16,2
2015-11-27 11:37:43,1
2015-11-25 17:03:13,3
2015-11-25 15:03:04,1
2015-11-02 19:02:27,16
2015-10-31 15:07:41,0
2015-10-29 12:27:42,0
2015-10-24 09:13:35,2
2015-10-07 21:24:51,2
2015-10-02 09:52:46,4
2015-10-02 09:48:47,5
2015-10-01 07:16:00,44
2015-09-26 16:24:04,22
2015-09-08 09:40:44,6
2015-09-03 16:39:15,7
2015-09-02 06:25:30,8
2015-09-01 14:25:08,3
2015-08-31 18:19:00,0
2015-08-20 21:22:43,0
2015-08-19 07:27:17,21
2015-08-10 10:09:32,7
2015-08-10 09:58:43,12
2015-08-05 06:48:12,10
2015-08-03 06:18:20,2
2015-08-02 20:52:34,79
2015-07-23 18:28:48,0
2015-07-22 06:38:48,0
2015-07-22 06:33:55,2
2015-07-22 06:33:38,0
2015-07-21 18:02:12,0
2015-07-20 10:47:08,2
2015-07-19 17:14:21,9
2015-07-19 17:11:18,6
2015-07-19 17:06:45,2
2015-07-19 05:16:25,9
2015-07-18 16:05:42,1
2015-07-18 15:57:47,5
2015-07-13 06:10:20,13
2015-07-12 08:35:12,16
2015-07-11 15:38:38,9
2015-07-05 17:10:20,7
2015-07-05 17:00:37,3
2015-07-01 14:41:37,5
2015-07-01 14:29:09,2
2015-06-20 16:00:13,4
2015-06-20 15:48:00,13
2015-06-10 14:50:23,15
2015-06-10 14:48:02,5
2015-06-09 09:54:45,10
2015-06-09 02:00:42,14
2015-06-06 16:03:26,20
2015-06-06 16:00:20,64
2015-06-06 07:57:45,0
2015-06-02 19:26:28,4
2015-05-29 18:09:53,3
2015-05-28 09:08:33,68
2015-05-28 08:56:58,1
2015-05-24 12:44:00,10
2015-05-24 12:43:48,13
2015-05-23 19:11:26,33
2015-05-23 13:24:14,7
2015-05-22 08:34:02,8
2015-05-22 04:50:44,72
2015-05-21 18:23:04,3
2015-05-18 15:35:39,2
2015-05-13 06:52:30,10
2015-05-12 20:57:43,1
2015-05-11 09:37:14,8
2015-05-11 09:35:55,6
2015-05-04 07:43:08,7
2015-05-03 17:57:12,2
2015-05-03 14:55:36,8
2015-05-01 21:04:06,5
2015-04-30 02:18:49,1
2015-04-29 22:38:22,4
2015-04-22 10:12:39,10
2015-04-19 21:39:12,72
2015-04-19 21:35:56,10
2015-04-16 09:19:14,3
2015-04-12 16:39:46,1
2015-04-11 19:00:30,0
2015-04-09 05:17:49,4
2015-04-06 18:34:13,3
2015-04-05 16:32:28,3
2015-03-08 09:46:08,46
2015-03-05 08:27:25,12
2015-03-02 19:08:57,2
2015-03-02 18:29:43,2
2015-02-28 17:47:29,28
2015-02-22 10:44:33,7
2015-02-22 10:18:18,14
2015-02-21 22:23:45,6
2015-02-17 20:06:08,5
2015-02-09 06:55:46,46
2015-02-08 10:27:48,4
2015-02-07 17:32:14,18
2015-02-07 13:32:51,19
2015-02-06 15:09:08,2
2015-02-04 19:59:40,21
2015-02-03 20:48:55,19
2015-01-31 12:36:10,27
2015-01-30 07:42:05,3
2015-01-27 16:46:17,72
2015-01-24 20:10:49,5
2015-01-20 10:59:22,3
2015-01-16 22:35:16,2
2015-01-15 21:35:50,6
2015-01-11 21:11:26,3
2015-01-10 17:43:35,10
2015-01-09 16:04:46,14
2015-01-08 12:51:28,31
2014-12-30 06:49:11,10
2014-12-20 15:06:01,3
2014-12-18 15:51:00,64
2014-12-09 07:01:27,0
2014-12-07 06:07:05,5
2014-11-30 09:59:37,1
2014-11-24 07:03:02,5
2014-11-20 07:00:28,1
2014-11-15 21:04:56,10
2014-11-15 07:25:29,8
2014-11-10 20:53:56,15
2014-11-04 14:08:50,6
2014-10-07 18:30:50,6
2014-10-07 15:21:53,5
2014-10-06 13:50:13,3
2014-10-03 15:33:40,7
2014-10-03 15:19:38,3
2014-10-01 05:54:46,51
2014-09-27 15:52:45,5
2014-09-07 20:10:13,38
2014-09-07 20:08:18,7
2014-08-28 00:32:02,5
2014-08-26 05:09:44,44
2014-08-25 11:02:48,4
2014-08-25 10:49:36,28
2014-08-24 13:41:25,2
2014-08-23 12:15:47,6
2014-08-21 11:14:45,6
2014-08-20 11:39:29,3
2014-08-20 06:19:00,9
2014-08-19 16:49:14,7
2014-08-17 10:35:57,2
2014-08-16 14:26:08,2
2014-08-15 17:13:02,7
2014-08-15 05:01:57,11
2014-08-14 18:11:30,4
2014-08-14 05:28:22,7
2014-08-11 19:11:40,15
2014-08-11 18:54:38,4
2014-08-10 18:22:10,2
2014-08-10 12:32:24,4
2014-08-09 14:46:13,9
2014-08-03 14:09:01,7
2014-07-29 16:27:38,4
2014-07-27 12:32:00,17
2014-07-26 19:13:10,40
2014-07-20 22:26:34,7
2014-07-20 17:51:55,2
2014-07-14 19:36:02,4
2014-06-30 06:28:11,7
2014-06-30 06:27:12,51
2014-06-21 12:06:54,13
2014-06-20 11:42:36,4
2014-06-20 10:20:31,6
2014-06-20 10:16:37,5
2014-06-20 02:57:56,4
2014-06-19 07:26:49,2
2014-06-19 02:56:30,4
2014-06-18 15:33:51,56
2014-06-17 21:59:55,4
2014-06-17 16:42:25,3
2014-06-14 19:04:30,12
2014-06-12 21:14:10,16
2014-06-11 23:50:24,8
2014-06-11 04:29:00,15
2014-06-08 18:28:10,0
2014-05-31 21:21:10,40
2014-05-30 09:21:27,5
2014-05-28 19:47:44,0
2014-05-25 16:55:16,4
2014-05-25 15:28:35,5
2014-05-25 07:43:05,6
2014-05-23 18:13:26,12
2014-05-23 18:06:40,2
2014-05-23 15:00:35,1
2014-05-17 08:14:08,3
2014-05-15 19:37:02,15
2014-05-12 07:37:06,19
2014-04-29 06:22:04,7
2014-04-19 09:23:01,1
2014-04-01 18:38:08,73
2014-04-01 16:18:50,4
2014-04-01 11:00:51,9
2014-03-31 07:13:00,1
2014-03-30 11:17:16,0
2014-03-29 19:06:14,3
2014-03-22 05:58:19,2
2014-03-19 07:14:13,2
2014-03-16 08:55:39,4
2014-03-16 08:45:40,1
2014-03-10 12:58:24,4
2014-03-10 12:56:15,7
2014-03-03 15:15:12,1
2014-02-18 07:28:36,1
2014-02-13 12:34:04,6
2014-02-02 16:46:24,3
2014-01-19 15:54:28,20
2014-01-18 10:51:45,16
2014-01-14 20:23:30,3
2014-01-14 16:42:24,5
2013-12-17 12:21:15,44
2013-11-28 20:12:25,7
2013-11-28 19:57:17,8
2013-11-22 12:32:38,8
2013-11-08 13:50:55,9
2013-11-07 17:34:16,11
2013-11-06 18:08:48,10
2013-11-06 09:15:18,14
2013-11-06 09:13:00,12
2013-11-04 18:29:08,23
2013-10-28 08:23:35,8
2013-10-22 18:12:05,2
2013-10-19 10:13:45,25
2013-10-03 05:35:47,10
2013-10-01 17:40:17,5
2013-10-01 17:37:40,6
2013-09-17 19:31:20,13
2013-09-09 15:49:47,2
2013-09-08 16:33:29,2
2013-09-08 16:33:25,2
2013-09-08 11:34:50,0
2013-09-08 11:28:28,2
2013-09-08 11:22:32,5
2013-09-08 11:21:35,7
2013-09-08 11:19:22,1
2013-09-08 10:42:35,2
2013-09-07 08:09:22,26
2013-09-05 14:59:06,22
2013-09-03 09:08:37,18
2013-09-01 15:34:48,7
2013-08-31 20:34:26,4
2013-08-31 13:11:54,14
2013-08-30 09:53:29,4
2013-08-25 09:07:15,3
2013-08-24 22:07:35,61
2013-08-20 05:55:07,5
2013-08-19 10:39:40,5
2013-08-11 14:10:44,4
2013-08-04 17:30:50,4
2013-08-03 06:30:39,1
2013-08-02 09:03:50,8
2013-08-01 14:10:26,11
2013-08-01 14:08:56,17
2013-08-01 14:07:52,16
2013-08-01 14:05:23,3
2013-08-01 14:04:00,9
2013-07-24 19:03:16,5
2013-07-22 18:12:24,3
2013-07-17 18:30:37,2
2013-07-10 20:44:04,5
2013-07-10 20:42:00,1
2013-07-10 20:39:30,2
2013-07-09 18:36:48,5
2013-07-09 15:37:05,2
2013-07-09 08:05:52,1
2013-07-08 21:29:47,2
2013-06-23 18:31:34,2
